{
  "id": "2584660",
  "name": "001",
  "font_family": "iconfont",
  "css_prefix_text": "icon-",
  "description": "",
  "glyphs": [
    {
      "icon_id": "6343317",
      "name": "下 拉",
      "font_class": "xiala",
      "unicode": "e61a",
      "unicode_decimal": 58906
    },
    {
      "icon_id": "16114265",
      "name": "loading",
      "font_class": "loading",
      "unicode": "e684",
      "unicode_decimal": 59012
    },
    {
      "icon_id": "15838561",
      "name": "arrow-left-bold",
      "font_class": "arrow-left-bold",
      "unicode": "e685",
      "unicode_decimal": 59013
    },
    {
      "icon_id": "15838562",
      "name": "arrow-up-bold",
      "font_class": "arrow-up-bold",
      "unicode": "e686",
      "unicode_decimal": 59014
    },
    {
      "icon_id": "15838564",
      "name": "arrow-down-bold",
      "font_class": "arrow-down-bold",
      "unicode": "e687",
      "unicode_decimal": 59015
    },
    {
      "icon_id": "15838566",
      "name": "arrow-right-bold",
      "font_class": "arrow-right-bold",
      "unicode": "e688",
      "unicode_decimal": 59016
    },
    {
      "icon_id": "15838424",
      "name": "add",
      "font_class": "add",
      "unicode": "e664",
      "unicode_decimal": 58980
    },
    {
      "icon_id": "15838425",
      "name": "add-circle",
      "font_class": "add-circle",
      "unicode": "e665",
      "unicode_decimal": 58981
    },
    {
      "icon_id": "15838426",
      "name": "adjust",
      "font_class": "adjust",
      "unicode": "e666",
      "unicode_decimal": 58982
    },
    {
      "icon_id": "15838427",
      "name": "arrow-up-circle",
      "font_class": "arrow-up-circle",
      "unicode": "e667",
      "unicode_decimal": 58983
    },
    {
      "icon_id": "15838428",
      "name": "arrow-right-circle",
      "font_class": "arrow-right-circle",
      "unicode": "e668",
      "unicode_decimal": 58984
    },
    {
      "icon_id": "15838430",
      "name": "ashbin",
      "font_class": "ashbin",
      "unicode": "e669",
      "unicode_decimal": 58985
    },
    {
      "icon_id": "15838434",
      "name": "back",
      "font_class": "back",
      "unicode": "e66a",
      "unicode_decimal": 58986
    },
    {
      "icon_id": "15838436",
      "name": "arrow-double-left",
      "font_class": "arrow-double-left",
      "unicode": "e66b",
      "unicode_decimal": 58987
    },
    {
      "icon_id": "15838437",
      "name": "arrow-left-circle",
      "font_class": "arrow-left-circle",
      "unicode": "e66c",
      "unicode_decimal": 58988
    },
    {
      "icon_id": "15838438",
      "name": "arrow-double-right",
      "font_class": "arrow-double-right",
      "unicode": "e66d",
      "unicode_decimal": 58989
    },
    {
      "icon_id": "15838444",
      "name": "close",
      "font_class": "close",
      "unicode": "e66e",
      "unicode_decimal": 58990
    },
    {
      "icon_id": "15838450",
      "name": "complete",
      "font_class": "complete",
      "unicode": "e66f",
      "unicode_decimal": 58991
    },
    {
      "icon_id": "15838454",
      "name": "delete",
      "font_class": "delete",
      "unicode": "e670",
      "unicode_decimal": 58992
    },
    {
      "icon_id": "15838455",
      "name": "direction-down",
      "font_class": "direction-down",
      "unicode": "e671",
      "unicode_decimal": 58993
    },
    {
      "icon_id": "15838459",
      "name": "direction-down-circle",
      "font_class": "direction-down-circle",
      "unicode": "e672",
      "unicode_decimal": 58994
    },
    {
      "icon_id": "15838460",
      "name": "direction-right",
      "font_class": "direction-right",
      "unicode": "e673",
      "unicode_decimal": 58995
    },
    {
      "icon_id": "15838461",
      "name": "direction-up",
      "font_class": "direction-up",
      "unicode": "e674",
      "unicode_decimal": 58996
    },
    {
      "icon_id": "15838463",
      "name": "direction-left",
      "font_class": "direction-left",
      "unicode": "e675",
      "unicode_decimal": 58997
    },
    {
      "icon_id": "15838464",
      "name": "download",
      "font_class": "download",
      "unicode": "e676",
      "unicode_decimal": 58998
    },
    {
      "icon_id": "15838473",
      "name": "error",
      "font_class": "error",
      "unicode": "e677",
      "unicode_decimal": 58999
    }
  ]
}
